[{"model": "auth.group", "pk": 1, "fields": {"name": "Employee", "permissions": [61, 62, 64, 65, 66, 68, 69, 70, 72, 73, 74, 76, 49, 50, 51, 52, 45, 46, 47, 48, 13, 14, 16, 53, 54, 55, 56, 21, 22, 23, 24, 36]}}, {"model": "product.product", "pk": 1, "fields": {"name": "Amphenol NEXUS TJ-102", "part_number": null, "description": "Black Plastic In-Line Molded Contact 4-Conductor Telephone Jack", "price": "17.00", "stock_quantity": 3, "category": 1, "created_at": "2024-10-19T06:52:15.792Z", "updated_at": "2024-11-08T14:25:58.859Z", "features": {"Type": "4-Conductor TRRS (Tip-Ring-Ring-Sleeve) Audio Jack", "Application": "Commonly used in military and commercial applications, such as headsets, communication systems, and industrial environments", "Construction": "Built for harsh environments, with ruggedized materials to withstand environmental stress, wear, and impact", "EMI/RFI Shielding": "Provides protection from electromagnetic and radio-frequency interference, enhancing signal clarity", "Cross-Talk Resistance": "High resistance to signal cross-talk, ensuring clear audio transmission without interference between channels", "Rotatable Design": "Allows for rotation to facilitate cable management and ease of handling in various installation settings", "Quick Disconnect": "Enables easy, rapid connection and disconnection, useful for applications needing fast equipment changes", "Military Standards": "Complies with MIL-DTL-9177 standards, making it suitable for defense-related and highly demanding environments", "Conductor Options": "Available in multiple configurations to meet specific project requirements, including versions with 4, 5, 6, or 8 conductors"}}}, {"model": "product.product", "pk": 2, "fields": {"name": "Cobham Comant CI-507 Diplexer VOR / Glide Slope", "part_number": null, "description": "Cobham Comant CI-507 Diplexer VOR / Glide Slope", "price": "217.14", "stock_quantity": 90, "category": 2, "created_at": "2024-10-19T16:23:22.544Z", "updated_at": "2024-10-19T16:43:45.516Z", "features": {}}}, {"model": "product.product", "pk": 3, "fields": {"name": "Cobham Comant CI-420-220 ComDat GPS Antenna", "part_number": null, "description": "CI-420-220 ComDat GPS Antenna", "price": "460.18", "stock_quantity": 3, "category": 2, "created_at": "2024-10-19T19:52:05.218Z", "updated_at": "2024-10-19T19:52:05.218Z", "features": {}}}, {"model": "product.product", "pk": 4, "fields": {"name": "Trans-Cal SSD120-30N Nanno 30,000 Foot Altitude Encoder", "part_number": null, "description": "Trans-Cal SSD120-30N Nanno 30,000 Foot Altitude Encoder", "price": "4.87", "stock_quantity": 50, "category": 1, "created_at": "2024-10-19T19:54:27.278Z", "updated_at": "2024-10-30T18:40:39.662Z", "features": {}}}, {"model": "product.product", "pk": 5, "fields": {"name": "Antennas", "part_number": null, "description": "", "price": "10.00", "stock_quantity": 5, "category": 2, "created_at": "2024-10-21T18:51:58.673Z", "updated_at": "2024-10-25T06:08:01.073Z", "features": {}}}, {"model": "product.product", "pk": 6, "fields": {"name": "Apollo", "part_number": null, "description": "1", "price": "8.00", "stock_quantity": 5, "category": 2, "created_at": "2024-10-25T05:36:44.912Z", "updated_at": "2024-10-25T06:07:53.588Z", "features": {}}}, {"model": "product.product", "pk": 7, "fields": {"name": "Audio Panels", "part_number": null, "description": "", "price": "10.00", "stock_quantity": 5, "category": 2, "created_at": "2024-10-25T05:37:25.982Z", "updated_at": "2024-10-25T06:07:44.176Z", "features": {}}}, {"model": "product.product", "pk": 8, "fields": {"name": "Auto Pilot", "part_number": null, "description": "", "price": "15.00", "stock_quantity": 5, "category": 2, "created_at": "2024-10-25T05:37:59.581Z", "updated_at": "2024-10-25T06:07:32.869Z", "features": {}}}, {"model": "product.product", "pk": 9, "fields": {"name": "Transponders", "part_number": null, "description": "", "price": "15.00", "stock_quantity": 5, "category": 2, "created_at": "2024-10-25T05:38:51.611Z", "updated_at": "2024-10-25T06:07:22.058Z", "features": {}}}, {"model": "product.product", "pk": 10, "fields": {"name": "GTN Series", "part_number": null, "description": "", "price": "15.00", "stock_quantity": 5, "category": 2, "created_at": "2024-10-25T05:40:28.111Z", "updated_at": "2024-10-28T19:17:44.514Z", "features": {}}}, {"model": "product.product", "pk": 11, "fields": {"name": "AirFrame", "part_number": null, "description": "", "price": "10.00", "stock_quantity": 5, "category": 3, "created_at": "2024-10-25T05:40:58.348Z", "updated_at": "2024-10-27T08:45:20.126Z", "features": {}}}, {"model": "product.product", "pk": 12, "fields": {"name": "LRU List", "part_number": null, "description": "", "price": "10.00", "stock_quantity": 5, "category": 3, "created_at": "2024-10-25T05:41:23.466Z", "updated_at": "2024-10-28T18:42:25.166Z", "features": {}}}, {"model": "product.product", "pk": 13, "fields": {"name": "GPS MAP", "part_number": null, "description": "", "price": "10.00", "stock_quantity": 5, "category": 4, "created_at": "2024-10-25T05:41:50.193Z", "updated_at": "2024-10-27T08:46:43.163Z", "features": {}}}, {"model": "product.product", "pk": 14, "fields": {"name": "Aera", "part_number": null, "description": "", "price": "10.00", "stock_quantity": 5, "category": 4, "created_at": "2024-10-25T05:42:11.837Z", "updated_at": "2024-10-25T05:42:11.837Z", "features": {}}}, {"model": "product.product", "pk": 15, "fields": {"name": "100-300 Series", "part_number": null, "description": "", "price": "10.00", "stock_quantity": 5, "category": 2, "created_at": "2024-10-25T05:42:58.715Z", "updated_at": "2024-10-25T06:06:33.097Z", "features": {}}}, {"model": "product.product", "pk": 16, "fields": {"name": "400-500 Series", "part_number": null, "description": "", "price": "10.00", "stock_quantity": 5, "category": 2, "created_at": "2024-10-25T05:43:36.922Z", "updated_at": "2024-10-25T06:06:25.461Z", "features": {}}}, {"model": "product.image", "pk": 1, "fields": {"image": "static/product/images/SGP156374_1_inset2__71480_VZQKii4.jpg", "product": 1}}, {"model": "product.image", "pk": 2, "fields": {"image": "static/product/images/SGP156374_1_inset1__71799_idjkaQZ.jpg", "product": 1}}, {"model": "product.image", "pk": 3, "fields": {"image": "static/product/images/SGP156374_1_main__79318_nQith5w.jpg", "product": 1}}, {"model": "product.image", "pk": 4, "fields": {"image": "static/product/images/SGP104458_1_main__10224_LQuisIN.jpg", "product": 2}}, {"model": "product.image", "pk": 5, "fields": {"image": "static/product/images/SGP104452_1_main__51256.jpg", "product": 3}}, {"model": "product.image", "pk": 6, "fields": {"image": "static/product/images/SGP153855_1_main__57907.jpg", "product": 4}}, {"model": "product.image", "pk": 7, "fields": {"image": "static/product/images/SGP153855_1_inset1__47745.jpg", "product": 4}}, {"model": "product.image", "pk": 8, "fields": {"image": "static/product/images/SGP153855_1_inset2__76843.jpg", "product": 4}}, {"model": "product.image", "pk": 9, "fields": {"image": "static/product/images/SGP153855_1_inset3__54083_1BANwqF.jpg", "product": 4}}, {"model": "product.image", "pk": 10, "fields": {"image": "static/product/images/GNS.webp", "product": 11}}, {"model": "product.image", "pk": 11, "fields": {"image": "static/product/images/GNS_2shUGve.webp", "product": 12}}, {"model": "product.image", "pk": 12, "fields": {"image": "static/product/images/GNS_1CbEQKZ.webp", "product": 13}}, {"model": "product.category", "pk": 1, "fields": {"name": "Communication", "image": "static/product/category/imresizer-1728362662779.jpg"}}, {"model": "product.category", "pk": 2, "fields": {"name": "Navigation", "image": "static/product/category/imresizer-1728362597822_ym7CgFG.jpg"}}, {"model": "product.category", "pk": 3, "fields": {"name": "Enablements", "image": "static/product/category/imresizer-1728362597822_wmejTIJ_kQ4ldec.jpg"}}, {"model": "product.category", "pk": 4, "fields": {"name": "Merchandising", "image": "static/product/category/imresizer-1728362597822_ym7CgFG_h2jTwww.jpg"}}, {"model": "additional_option.service", "pk": 1, "fields": {"name": "CNC MACHINING", "image": "static/service/images/CNCToolCart_mbckolF.jpg", "status": true, "description": "When a CNC system is activated, the desired cuts are programmed into the software and dictated to corresponding tools and machinery, which carry out the dimensional tasks as specified, much like a robot.\r\n\r\nIn CNC programming, the code generator within the numerical system will often assume mechanisms are flawless, despite the possibility of errors, which is greater whenever a CNC machine is directed to cut in more than one direction simultaneously. The placement of a tool in a numerical control system is outlined by a series of inputs known as the part program.\r\n\r\nWith a numerical control machine, programs are inputted via punch cards. By contrast, the programs for CNC machines are fed to computers through small keyboards. CNC programming is retained in a computers memory. The code itself is written and edited by programmers. Therefore, CNC systems offer far more expansive computational capacity. Best of all, CNC systems are by no means static since newer prompts can be added to pre-existing programs through revised code.", "service_type": "OFFLINE", "specifications": {}, "technical_information": {}}}, {"model": "additional_option.service", "pk": 2, "fields": {"name": "FIXED WING", "image": "static/service/images/fixed-wing_NgTZLOh.jpg", "status": true, "description": "A fixed-wing aircraft is a heavier-than-air aircraft, such as an airplane, which is capable of flight using aerodynamic lift. Fixed-wing aircraft are distinct from rotary-wing aircraft (in which a rotor mounted on a spinning shaft generates lift), and ornithopters (in which the wings oscillate to generate lift). The wings of a fixed-wing aircraft are not necessarily rigid; kites, hang gliders, variable-sweep wing aircraft, and airplanes that use wing morphing are all classified as fixed wing.", "service_type": "OFFLINE", "specifications": {}, "technical_information": {}}}, {"model": "additional_option.service", "pk": 3, "fields": {"name": "GLASS COCKPIT", "image": "static/service/images/GNS_wWNpYwP.webp", "status": true, "description": "Replaces analog instruments and installs G500H EFIS with options for single or dual transponder, radar altimeter and traffic system. AMS 07-4654 is the installation of the new avionics radio line (GTN650, GNC255A, GMA350H and GTX33H).", "service_type": "OFFLINE", "specifications": {}, "technical_information": {}}}, {"model": "additional_option.service", "pk": 4, "fields": {"name": "LASER WIRE MARKING", "image": "static/service/images/GNS_ggZ27FV.webp", "status": true, "description": "Laser wire marking is a process that involves inscribing on wires information such as codes, numbers, etc., using a laser marking machine before installation. These pieces of information inscribe on wires are important in identification, installation, and post-installation.\r\n\r\nLaser wire marking is better than other conventional marking methods as it does not alter the wire properties, produces permanent markings, and includes inks, masks, or other consumables. Also, the marking method is very precision which is important as the wire has a very small area.", "service_type": "OFFLINE", "specifications": {}, "technical_information": {}}}, {"model": "additional_option.service", "pk": 5, "fields": {"name": "5G RADAR ALIMETERS", "image": "static/service/images/5G-RADAR_l8iQ0CH.jpg", "status": true, "description": "FreeFlight Systems certified Ra-4500 radar altimeters work consistently in the harshest environments, including rotorcraft low-altitude hover and terrain transitions. Our radar altimeter systems integrate with popular compatible glass displays.", "service_type": "OFFLINE", "specifications": {"Noe": "mos"}, "technical_information": {"mcos": "cscs"}}}, {"model": "additional_option.link", "pk": 2, "fields": {"name": "Garmin", "url": "https://www.garmin.com/en-US/c/aviation/all-products/"}}, {"model": "additional_option.link", "pk": 3, "fields": {"name": "SouthEast-Aerospace", "url": "https://www.seaerospace.com/"}}, {"model": "additional_option.sitesettings", "pk": 1, "fields": {"site_name": "QFAvionics", "email": "info@qfavionics.com", "phone_number_1": null, "phone_number_2": null, "bussiness_email": "info@qfavionics.com", "currency_rate": "0.72", "address": "QF Avionics Center \r\nLtd Hangar #11 Airport Drive \r\nSpringbook \r\nABT4S 2E8\r\nCanada", "airport": "Red Deer Regional Airport, CYQF, YQF", "email_app_password": "zochakahgfehnxdq", "tax": "0.15", "instagram": null, "youtube": null, "linkedin": null}}, {"model": "additional_option.aboutcontent", "pk": 1, "fields": {"main_description": "Serving all of Western Canada, we offer sales of new and used equipment as well as installations on both commercial and private planes. We specialize in avionics line maintenance, retrofits and component repairs. Were a Transport Canada approved organization and have been in business since 1979, serving all sectors of the aviation industry.", "field1": "Mission", "field1_Description": "To be an enduring company by creating superior products for automotive, aviation, marine, outdoor, and sports that are an essential part of our customers lives.", "field2": "Vision", "field2_Description": "The Aviation Gateway and Key Economic Driver for Central Alberta", "field3": "VALUES", "field3_Description": "The foundation of our culture is honesty, integrity, and respect for associates, customers, and business partners. Each associate is fully committed to serving customers and fellow associates through outstanding performance and accomplishing what we say we will do."}}, {"model": "additional_option.aboutsection", "pk": 1, "fields": {"about": 1, "title": "Our Expertise", "description": "", "column": {"Flight Management Systems": "State-of-the-art navigation and planning tools for optimal flight performance.", "Cockpit Displays": "High-resolution, intuitive displays for enhanced situational awareness.", "Communication Systems": "Reliable and secure communication solutions for air-to-ground operations.", "Weather Radar Systems": "Advanced weather detection and analysis for safer route planning."}}}, {"model": "additional_option.aboutsection", "pk": 2, "fields": {"about": 1, "title": "Customer", "description": "", "column": {"Turnover": "35B+", "Customers": "100k+"}}}, {"model": "additional_option.homesection", "pk": 1, "fields": {}}, {"model": "additional_option.homesectionitem", "pk": 1, "fields": {"home": 1, "title": "ONLINE STORE", "description": "We provide several online services such as viewing our products, receiving news on business etc.", "image": "static/images/whatwedo/warehouse_us7XLbs.webp"}}, {"model": "additional_option.homesectionitem", "pk": 2, "fields": {"home": 1, "title": "EQUIPMENT INSTALLATION", "description": "Equipment Installation means any actions that are necessary to attach the equipment to the building including, but not limited to bolting or welding.", "image": "static/images/whatwedo/warehouse_IYa9BCe.webp"}}, {"model": "additional_option.homesectionitem", "pk": 3, "fields": {"home": 1, "title": "SERVICES", "description": "We provide a comprehensive range of value-driven helicopter and fixed-wing maintenance, repair and overhaul services", "image": "static/images/whatwedo/warehouse_OmdtFfN.webp"}}, {"model": "additional_option.homesectionitem", "pk": 4, "fields": {"home": 1, "title": "LINE MAINTENANCE", "description": "Line maintenance is the routine and preventive maintenance that is performed on an aircraft before, between, or after flights. It includes tasks such as checking the oil levels, tire pressures etc.", "image": "static/images/whatwedo/warehouse_XBuLc01.webp"}}, {"model": "additional_option.homesectionitem", "pk": 5, "fields": {"home": 1, "title": "RETROFITS", "description": "A retrofit is the process of adding new or modified parts or equipment to something that was previously constructed or manufactured. Retrofits can be done for a variety of reasons,for improve energy efficiency.", "image": "static/images/whatwedo/warehouse_YTtDtyO.webp"}}, {"model": "additional_option.homesectionitem", "pk": 6, "fields": {"home": 1, "title": "MAINTENANCE, REPAIR & OVERHAUL (MRO)", "description": "We provide best-in-class helicopter and fixed-wing MRO services for several of the most commonly operated light, medium and heavy helicopter models.", "image": "static/images/whatwedo/warehouse_lsTUijZ.webp"}}, {"model": "additional_option.carasoleimage", "pk": 1, "fields": {"image": "static/images/carousel/homeimg1_7ZIq9gn.png", "home": 1}}, {"model": "additional_option.carasoleimage", "pk": 2, "fields": {"image": "static/images/carousel/homeimg2_WMKkLO1.png", "home": 1}}, {"model": "additional_option.carasoleimage", "pk": 3, "fields": {"image": "static/images/carousel/homeimg3_s2p9htJ.png", "home": 1}}, {"model": "notification.news", "pk": 1, "fields": {"title": "Southeast Aerospace To Develop Gogo Galileo HDX STC For Hawker Series Aircraft", "description": "SEA is excited to announce the development of a new STC for the installation of the Gogo Galileo HDX system on the Hawker aircraft platform.\r\nPowered by Gogo Business Aviation (NASDAQ: GOGO), the HDX system will provide global, high-speed inflight internet for business aircraft of all sizes. It leverages Eutelsat OneWebs Low-Earth-Orbit (LEO) satellite network, designed for mobility and consistent performance on all global routes.", "image": "static/notification/images/news.jpeg", "created_at": "2024-10-22T17:57:23.604Z", "updated_at": "2024-10-24T04:19:20.561Z", "url": ""}}, {"model": "notification.news", "pk": 2, "fields": {"title": "Southeast Aerospace Secures Expanded International Approvals For Garmin GI 275 IVSI And ESI In Part 25 Aircraft", "description": "SEA is pleased to announce that we have received expanded international approvals for the Garmin GI 275 Electronic Flight Instrument in Part 25 aircraft on an Approved Model List as an Electronic Standby Instrument (ESI) and as an Instantaneous Vertical Speed Indicator (IVSI).", "image": "static/notification/images/news-2.jpg", "created_at": "2024-10-25T23:23:55.655Z", "updated_at": "2024-10-25T23:26:17.228Z", "url": ""}}, {"model": "notification.news", "pk": 3, "fields": {"title": "Southeast Aerospace Secures Amendment To FAA STC For Hawker 800 Series Aircraft With Insight Integrated Flight Deck", "description": "Southeast Aerospace is pleased to announce it has received Federal Aviation Administration (FAA) approval for the amendment to FAA Supplemental Type Certificate (STC) number ST04570CH. This amendment now provides Honeywell SPZ 8000 Equipped Hawker 800 series aircraft the opportunity for cockpit modernization.", "image": "static/notification/images/news-3.jpg", "created_at": "2024-10-25T23:25:18.248Z", "updated_at": "2024-10-25T23:25:18.248Z", "url": ""}}]
